fold,regressor,RMSE,MAE
2,TPOT,0.38001220987018897,0.2531022779960759
3,TPOT,0.41122397203179345,0.25021707826841433
4,TPOT,0.29919959057382894,0.22201785276427677
5,TPOT,0.4129148764978746,0.22609302198047718
6,TPOT,0.4751736868899093,0.25893586715008665
7,TPOT,0.2835510436589705,0.18776581417480487
